taxon,Accession	
Hepatitis C virus (isolate H77)_NC_038882,NC_038882	
Hepatitis C virus genotype 7_NC_030791,NC_030791	
Hepatitis C virus genotype 2_NC_009823,NC_009823	
Hepatitis C virus genotype 6_NC_009827,NC_009827	
Hepatitis C virus genotype 1_NC_004102,NC_004102	
Hepacivirus hominis_OR345990,OR345990	
Hepacivirus hominis_OR345991,OR345991	
Hepacivirus hominis_OR345992,OR345992	
Hepacivirus hominis_OR345993,OR345993	
Hepacivirus hominis_OR345994,OR345994	
Hepacivirus hominis_OR345995,OR345995	
Hepacivirus hominis_OR345996,OR345996	
Hepacivirus hominis_OR345997,OR345997	
Hepacivirus hominis_OR345998,OR345998	
Hepacivirus hominis_OR345999,OR345999	
Hepacivirus hominis_OR346000,OR346000	
Hepacivirus hominis_OR346001,OR346001	
Hepacivirus hominis_OM513934,OM513934	
Hepacivirus hominis_OM513935,OM513935	
Hepacivirus hominis_OM513936,OM513936	
Hepacivirus hominis_OM513937,OM513937	
Hepacivirus hominis_OM513938,OM513938	
Hepacivirus hominis_OM513939,OM513939	
Hepacivirus hominis_OM513940,OM513940	
Hepacivirus hominis_OM513941,OM513941	
Hepacivirus hominis_OM513942,OM513942	
Hepacivirus hominis_OM513943,OM513943	
Hepacivirus hominis_OM513944,OM513944	
Hepacivirus hominis_OM513945,OM513945	
Hepacivirus hominis_OM513946,OM513946	
Hepacivirus hominis_OM513947,OM513947	
Hepacivirus hominis_OM513948,OM513948	
Hepacivirus hominis_OM513949,OM513949	
Hepacivirus hominis_OM513950,OM513950	
Hepacivirus hominis_OM513951,OM513951	
Hepacivirus hominis_OM513952,OM513952	
Hepacivirus hominis_OM513953,OM513953	
Hepacivirus hominis_OM513954,OM513954	
Hepacivirus hominis_OM513955,OM513955	
Hepacivirus hominis_PP092205,PP092205	
Hepacivirus hominis_PP092206,PP092206	
Hepacivirus hominis_OQ873159,OQ873159	
Hepacivirus hominis_OQ873160,OQ873160	
Hepacivirus hominis_OQ873161,OQ873161	
Hepacivirus hominis_LC773637,LC773637	
Hepacivirus hominis_LC773638,LC773638	
Hepacivirus hominis_LC773639,LC773639	
Hepacivirus hominis_LC773640,LC773640	
Hepacivirus hominis_OQ832071,OQ832071	
Hepatitis C virus subtype 1b_OM222702,OM222702	
Hepatitis C virus subtype 1b_OM222703,OM222703	
Hepacivirus hominis_LC650200,LC650200	
Hepacivirus hominis_MT512570,MT512570	
Hepacivirus hominis_MT185686,MT185686	
Hepacivirus hominis_MH155319,MH155319	
Hepacivirus C_MN712203,MN712203	
Hepacivirus C_MN712204,MN712204	
Hepacivirus hominis_MN385583,MN385583	
Hepacivirus hominis_MK139015,MK139015	
Hepacivirus hominis_MK139016,MK139016	
Hepacivirus hominis_MK139017,MK139017	
Hepacivirus hominis_MK139018,MK139018	
Hepacivirus hominis_MK139019,MK139019	
Hepacivirus hominis_MK139020,MK139020	
Hepacivirus hominis_MK139021,MK139021	
Hepacivirus hominis_MK139022,MK139022	
Hepacivirus hominis_MK527509,MK527509	
Hepacivirus hominis_MH885469,MH885469	
Hepacivirus hominis_MK039720,MK039720	
Hepacivirus hominis_MG437050,MG437050	
Hepacivirus hominis_MG428679,MG428679	
Hepacivirus hominis_MG717925,MG717925	
Hepacivirus hominis_MG717926,MG717926	
Hepacivirus hominis_MG717927,MG717927	
Hepacivirus hominis_MG717928,MG717928	
Hepacivirus hominis_MG717929,MG717929	
Hepacivirus hominis_MG717930,MG717930	
Hepacivirus hominis_MG406987,MG406987	
Hepacivirus hominis_MG406988,MG406988	
Hepacivirus hominis_MF683840,MF683840	
Hepatitis C virus genotype 7_KU861171,KU861171	
Hepacivirus hominis_KY283130,KY283130	
Hepacivirus hominis_KY348757,KY348757	
Hepacivirus hominis_KY014622,KY014622	
Hepacivirus hominis_KX172138,KX172138	
Hepacivirus hominis_KJ678744,KJ678744	
Hepacivirus hominis_KJ678745,KJ678745	
Hepacivirus hominis_KJ678746,KJ678746	
Hepacivirus hominis_KJ678747,KJ678747	
Hepacivirus hominis_KJ678748,KJ678748	
Hepacivirus hominis_KJ678749,KJ678749	
Hepacivirus hominis_KJ678750,KJ678750	
Hepacivirus hominis_KJ678751,KJ678751	
Hepacivirus hominis_KJ678752,KJ678752	
Hepacivirus hominis_KJ678753,KJ678753	
Hepacivirus hominis_KJ678754,KJ678754	
Hepacivirus hominis_KJ678755,KJ678755	
Hepacivirus hominis_KJ678756,KJ678756	
Hepacivirus hominis_KJ678757,KJ678757	
Hepacivirus hominis_KJ678758,KJ678758	
Hepacivirus hominis_KJ678759,KJ678759	
Hepacivirus hominis_KJ678760,KJ678760	
Hepacivirus hominis_KJ678761,KJ678761	
Hepacivirus hominis_KJ678762,KJ678762	
Hepacivirus hominis_KJ678763,KJ678763	
Hepacivirus hominis_KJ678764,KJ678764	
Hepacivirus hominis_KJ678765,KJ678765	
Hepacivirus hominis_KJ678766,KJ678766	
Hepacivirus hominis_KJ678767,KJ678767	
Hepacivirus hominis_KJ678768,KJ678768	
Hepacivirus hominis_KJ678769,KJ678769	
Hepacivirus hominis_KJ678770,KJ678770	
Hepacivirus hominis_KJ678771,KJ678771	
Hepacivirus hominis_KJ678772,KJ678772	
Hepacivirus hominis_KJ678773,KJ678773	
Hepacivirus hominis_KJ678774,KJ678774	
Hepacivirus hominis_KJ678775,KJ678775	
Hepacivirus hominis_KJ678776,KJ678776	
Hepacivirus hominis_KJ678777,KJ678777	
Hepacivirus hominis_KJ678778,KJ678778	
Hepacivirus hominis_KJ678779,KJ678779	
Hepacivirus hominis_KJ678780,KJ678780	
Hepacivirus hominis_KJ678781,KJ678781	
Hepacivirus hominis_KJ678782,KJ678782	
Hepacivirus hominis_KJ678783,KJ678783	
Hepacivirus hominis_KJ678784,KJ678784	
Hepacivirus hominis_KJ678785,KJ678785	
Hepacivirus hominis_KJ678786,KJ678786	
Hepacivirus hominis_KJ678787,KJ678787	
Hepacivirus hominis_KJ678788,KJ678788	
Hepacivirus hominis_KJ678789,KJ678789	
Hepacivirus hominis_KJ678790,KJ678790	
Hepacivirus hominis_KJ678791,KJ678791	
Hepacivirus hominis_KJ678792,KJ678792	
Hepacivirus hominis_KJ678793,KJ678793	
Hepacivirus hominis_KJ678794,KJ678794	
Hepacivirus hominis_KJ678795,KJ678795	
Hepacivirus hominis_KJ678796,KJ678796	
Hepacivirus hominis_KJ678797,KJ678797	
Hepacivirus hominis_KJ678798,KJ678798	
Hepacivirus hominis_KJ678799,KJ678799	
Hepacivirus hominis_KJ678800,KJ678800	
Hepacivirus hominis_KJ678801,KJ678801	
Hepacivirus hominis_KJ678802,KJ678802	
Hepacivirus hominis_KJ678803,KJ678803	
Hepacivirus hominis_KJ678804,KJ678804	
Hepacivirus hominis_KJ678805,KJ678805	
Hepacivirus hominis_KJ678806,KJ678806	
Hepacivirus hominis_KJ678807,KJ678807	
Hepacivirus hominis_KJ678808,KJ678808	
Hepacivirus hominis_KJ678809,KJ678809	
Hepacivirus hominis_KJ678810,KJ678810	
Hepacivirus hominis_KJ678811,KJ678811	
Hepacivirus hominis_KJ678812,KJ678812	
Hepacivirus hominis_KJ678813,KJ678813	
Hepacivirus hominis_KJ678814,KJ678814	
Hepacivirus hominis_KJ678815,KJ678815	
Hepacivirus hominis_KJ678816,KJ678816	
Hepacivirus hominis_KJ678817,KJ678817	
Hepacivirus hominis_KM504109,KM504109	
Hepacivirus hominis_KM504110,KM504110	
Hepacivirus hominis_KM504111,KM504111	
Hepacivirus hominis_KM504112,KM504112	
Hepacivirus hominis_KM504113,KM504113	
Hepacivirus hominis_KM504114,KM504114	
Hepacivirus hominis_KM504115,KM504115	
Hepacivirus hominis_KM504116,KM504116	
Hepacivirus hominis_KM504117,KM504117	
Hepacivirus hominis_KM504118,KM504118	
Hepacivirus hominis_KM504119,KM504119	
Hepacivirus hominis_KM504120,KM504120	
Hepacivirus hominis_KM504121,KM504121	
Hepacivirus hominis_KM504122,KM504122	
Hepacivirus hominis_KM504123,KM504123	
Hepacivirus hominis_KM504124,KM504124	
Hepacivirus hominis_KT983617,KT983617	
Hepatitis C virus subtype 1b_LC011927,LC011927	
Hepatitis C virus subtype 1b_LC011928,LC011928	
Hepatitis C virus subtype 1b_LC011929,LC011929	
Hepatitis C virus subtype 1b_LC011930,LC011930	
Hepatitis C virus subtype 1b_LC011931,LC011931	
Hepacivirus hominis_KM349851,KM349851	
Hepacivirus hominis_KJ567644,KJ567644	
Hepacivirus hominis_KJ567645,KJ567645	
Hepacivirus hominis_KJ567646,KJ567646	
Hepacivirus hominis_KJ567647,KJ567647	
Hepacivirus hominis_KJ567648,KJ567648	
Hepacivirus hominis_KJ567649,KJ567649	
Hepacivirus hominis_KJ567650,KJ567650	
Hepacivirus hominis_KJ567651,KJ567651	
Hepacivirus hominis_KJ567652,KJ567652	
Hepacivirus hominis_KJ470612,KJ470612	
Hepacivirus hominis_KJ470613,KJ470613	
Hepacivirus hominis_KJ470614,KJ470614	
Hepacivirus hominis_KJ470615,KJ470615	
Hepacivirus hominis_KJ470616,KJ470616	
Hepacivirus hominis_KJ470617,KJ470617	
Hepacivirus hominis_KJ470618,KJ470618	
Hepacivirus hominis_KJ470619,KJ470619	
Hepacivirus hominis_KJ470620,KJ470620	
Hepacivirus hominis_KJ470621,KJ470621	
Hepacivirus hominis_KJ470622,KJ470622	
Hepacivirus hominis_KJ470623,KJ470623	
Hepacivirus hominis_KJ470624,KJ470624	
Hepacivirus hominis_KJ470625,KJ470625	
Hepacivirus hominis_KJ925146,KJ925146	
Hepacivirus hominis_KJ925147,KJ925147	
Hepacivirus hominis_KJ925148,KJ925148	
Hepacivirus hominis_KJ925149,KJ925149	
Hepatitis C virus subtype 1b_AB828699,AB828699	
Hepatitis C virus subtype 1b_AB828700,AB828700	
Hepatitis C virus subtype 1b_AB828701,AB828701	
Hepacivirus hominis_KJ439767,KJ439767	
Hepacivirus hominis_KJ439768,KJ439768	
Hepacivirus hominis_KJ439769,KJ439769	
Hepacivirus hominis_KJ439770,KJ439770	
Hepacivirus hominis_KJ439771,KJ439771	
Hepacivirus hominis_KJ439772,KJ439772	
Hepacivirus hominis_KJ439773,KJ439773	
Hepacivirus hominis_KJ439774,KJ439774	
Hepacivirus hominis_KJ439775,KJ439775	
Hepacivirus hominis_KJ439776,KJ439776	
Hepacivirus hominis_KJ439777,KJ439777	
Hepacivirus hominis_KJ439778,KJ439778	
Hepacivirus hominis_KJ439779,KJ439779	
Hepacivirus hominis_KJ439780,KJ439780	
Hepacivirus hominis_KJ439781,KJ439781	
Hepacivirus hominis_KJ439782,KJ439782	
Hepacivirus hominis_JF735127,JF735127	
Hepacivirus hominis_JF735128,JF735128	
Hepacivirus hominis_JF735129,JF735129	
Hepacivirus hominis_JF735130,JF735130	
Hepacivirus hominis_JF735131,JF735131	
Hepacivirus hominis_JF735132,JF735132	
Hepacivirus hominis_JF735133,JF735133	
Hepacivirus hominis_JF735134,JF735134	
Hepacivirus hominis_JF735135,JF735135	
Hepacivirus hominis_JF735136,JF735136	
Hepacivirus hominis_JF735137,JF735137	
Hepacivirus hominis_JF735138,JF735138	
Hepacivirus C_KF268446,KF268446	
Hepacivirus hominis_KF700370,KF700370	
Hepatitis C virus subtype 2a_KF676351,KF676351	
Hepatitis C virus subtype 2a_KF676352,KF676352	
Hepatitis C virus subtype 3a_AB792683,AB792683	
Hepacivirus hominis_KC248193,KC248193	
Hepacivirus hominis_KC248194,KC248194	
Hepacivirus hominis_KC248195,KC248195	
Hepacivirus hominis_KC248196,KC248196	
Hepacivirus hominis_KC248197,KC248197	
Hepacivirus hominis_KC248198,KC248198	
Hepacivirus hominis_KC248199,KC248199	
Hepacivirus hominis_KC967476,KC967476	
Hepacivirus hominis_KC967477,KC967477	
Hepacivirus hominis_KC967478,KC967478	
Hepacivirus hominis_KC967479,KC967479	
Hepacivirus hominis_JF735126,JF735126	
Hepacivirus hominis_JF735121,JF735121	
Hepacivirus hominis_JF735122,JF735122	
Hepacivirus hominis_JF735123,JF735123	
Hepacivirus hominis_JF735124,JF735124	
Hepacivirus hominis_JF735125,JF735125	
Hepatitis C virus subtype 4a_AB795432,AB795432	
Hepatitis C virus subtype 1b_AB779562,AB779562	
Hepatitis C virus subtype 1b_AB779679,AB779679	
Hepacivirus hominis_KC155254,KC155254	
Hepatitis C virus subtype 2c_JX227951,JX227951	
Hepatitis C virus subtype 2k/1b_JX227952,JX227952	
Hepatitis C virus subtype 2k_JX227953,JX227953	
Hepatitis C virus subtype 3g_JX227954,JX227954	
Hepatitis C virus subtype 3i_JX227955,JX227955	
Hepatitis C virus subtype 4L_JX227957,JX227957	
Hepatitis C virus subtype 4L_JX227958,JX227958	
Hepatitis C virus subtype 4v_JX227959,JX227959	
Hepatitis C virus subtype 4v_JX227960,JX227960	
Hepatitis C virus subtype 4m_JX227961,JX227961	
Hepatitis C virus subtype 4r_JX227962,JX227962	
Hepatitis C virus subtype 4g_JX227963,JX227963	
Hepatitis C virus genotype 4_JX227964,JX227964	
Hepatitis C virus subtype 2c_JX227965,JX227965	
Hepatitis C virus subtype 2c_JX227966,JX227966	
Hepatitis C virus subtype 2m_JX227967,JX227967	
Hepatitis C virus subtype 2m_JX227968,JX227968	
Hepatitis C virus subtype 4n_JX227970,JX227970	
Hepatitis C virus subtype 4g_JX227971,JX227971	
Hepatitis C virus subtype 4m_JX227972,JX227972	
Hepatitis C virus subtype 4r_JX227976,JX227976	
Hepatitis C virus subtype 4o_JX227977,JX227977	
Hepatitis C virus subtype 4o_JX227978,JX227978	
Hepatitis C virus subtype 4o_JX227979,JX227979	
Hepacivirus hominis_JX183549,JX183549	
Hepacivirus hominis_JX183550,JX183550	
Hepacivirus hominis_JX183551,JX183551	
Hepacivirus hominis_JX183552,JX183552	
Hepacivirus hominis_JX183553,JX183553	
Hepacivirus hominis_JX183554,JX183554	
Hepacivirus hominis_JX183555,JX183555	
Hepacivirus hominis_JX183556,JX183556	
Hepacivirus hominis_JX183557,JX183557	
Hepacivirus hominis_JX183558,JX183558	
Hepatitis C virus subtype 3a_AB691595,AB691595	
Hepatitis C virus subtype 3a_AB691596,AB691596	
Hepacivirus hominis_JX014307,JX014307	
Hepatitis C virus subtype 1b_AB691953,AB691953	
Hepatitis C virus subtype 2a_AB690460,AB690460	
Hepatitis C virus subtype 2a_AB690461,AB690461	
Hepacivirus hominis_JF735110,JF735110	
Hepacivirus hominis_JF735111,JF735111	
Hepacivirus hominis_JF735112,JF735112	
Hepacivirus hominis_JF735113,JF735113	
Hepacivirus hominis_JF735114,JF735114	
Hepacivirus hominis_JF735115,JF735115	
Hepacivirus hominis_JF735116,JF735116	
Hepacivirus hominis_JF735117,JF735117	
Hepacivirus hominis_JF735118,JF735118	
Hepacivirus hominis_JF735119,JF735119	
Hepacivirus hominis_JF735120,JF735120	
Hepatitis C virus subtype 3a_JQ717254,JQ717254	
Hepatitis C virus subtype 3a_JQ717255,JQ717255	
Hepatitis C virus subtype 3a_JQ717256,JQ717256	
Hepatitis C virus subtype 3a_JQ717257,JQ717257	
Hepatitis C virus subtype 3a_JQ717258,JQ717258	
Hepatitis C virus subtype 3a_JQ717259,JQ717259	
Hepatitis C virus subtype 3a_JQ717260,JQ717260	
Hepatitis C virus genotype 3_JN588558,JN588558	
Hepatitis C virus subtype 3a_GQ275355,GQ275355	
Hepacivirus hominis_HM777359,HM777359	
Hepatitis C virus subtype 1b_GU133617,GU133617	
Hepatitis C virus isolate M2123_AB558135,AB558135	
Hepacivirus hominis_GU294484,GU294484	
hepatitis C virus genotype 1a_EU862828,EU862828	
hepatitis C virus genotype 1a_EU862831,EU862831	
hepatitis C virus genotype 1a_EU862832,EU862832	
hepatitis C virus genotype 1a_EU862834,EU862834	
hepatitis C virus genotype 1a_EU862836,EU862836	
Hepatitis C virus subtype 1b_EU862837,EU862837	
hepatitis C virus genotype 1a_EU862838,EU862838	
hepatitis C virus genotype 1a_EU862839,EU862839	
hepatitis C virus genotype 1a_EU862840,EU862840	
hepatitis C virus genotype 1a_EU862841,EU862841	
Hepacivirus hominis_FJ407092,FJ407092	
Hepatitis C virus strain M21-2k/1b_FJ821465,FJ821465	
hepatitis C virus genotype 1a_AB520610,AB520610	
Hepatitis C virus subtype 1b_FN435993,FN435993	
Hepacivirus hominis_FJ839869,FJ839869	
Hepacivirus hominis_FJ839870,FJ839870	
Hepacivirus hominis_FJ462431,FJ462431	
Hepacivirus hominis_FJ462432,FJ462432	
Hepacivirus hominis_FJ462433,FJ462433	
Hepacivirus hominis_FJ462434,FJ462434	
Hepacivirus hominis_FJ462435,FJ462435	
Hepacivirus hominis_FJ462436,FJ462436	
Hepacivirus hominis_FJ462437,FJ462437	
Hepacivirus hominis_FJ462438,FJ462438	
Hepacivirus hominis_FJ462439,FJ462439	
Hepacivirus hominis_FJ462440,FJ462440	
Hepacivirus hominis_FJ462441,FJ462441	
Hepacivirus hominis_EU158186,EU158186	
hepatitis C virus genotype 1a_GQ149768,GQ149768	
hepatitis C virus genotype 1a_EU781746,EU781746	
hepatitis C virus genotype 1a_EU781747,EU781747	
hepatitis C virus genotype 1a_EU781748,EU781748	
hepatitis C virus genotype 1a_EU781749,EU781749	
hepatitis C virus genotype 1a_EU781750,EU781750	
hepatitis C virus genotype 1a_EU781751,EU781751	
hepatitis C virus genotype 1a_EU781752,EU781752	
hepatitis C virus genotype 1a_EU781753,EU781753	
hepatitis C virus genotype 1a_EU781754,EU781754	
hepatitis C virus genotype 1a_EU781755,EU781755	
hepatitis C virus genotype 1a_EU781756,EU781756	
hepatitis C virus genotype 1a_EU781757,EU781757	
hepatitis C virus genotype 1a_EU781758,EU781758	
hepatitis C virus genotype 1a_EU781759,EU781759	
hepatitis C virus genotype 1a_EU781760,EU781760	
hepatitis C virus genotype 1a_EU781761,EU781761	
hepatitis C virus genotype 1a_EU781762,EU781762	
hepatitis C virus genotype 1a_EU781763,EU781763	
hepatitis C virus genotype 1a_EU781764,EU781764	
hepatitis C virus genotype 1a_EU781765,EU781765	
hepatitis C virus genotype 1a_EU781766,EU781766	
hepatitis C virus genotype 1a_EU781767,EU781767	
hepatitis C virus genotype 1a_EU781768,EU781768	
hepatitis C virus genotype 1a_EU781769,EU781769	
hepatitis C virus genotype 1a_EU781770,EU781770	
hepatitis C virus genotype 1a_EU781771,EU781771	
hepatitis C virus genotype 1a_EU781772,EU781772	
hepatitis C virus genotype 1a_EU781773,EU781773	
hepatitis C virus genotype 1a_EU781774,EU781774	
hepatitis C virus genotype 1a_EU781775,EU781775	
hepatitis C virus genotype 1a_EU781776,EU781776	
hepatitis C virus genotype 1a_EU781777,EU781777	
hepatitis C virus genotype 1a_EU781778,EU781778	
hepatitis C virus genotype 1a_EU781779,EU781779	
hepatitis C virus genotype 1a_EU781780,EU781780	
hepatitis C virus genotype 1a_EU781781,EU781781	
hepatitis C virus genotype 1a_EU781782,EU781782	
hepatitis C virus genotype 1a_EU781783,EU781783	
hepatitis C virus genotype 1a_EU781784,EU781784	
hepatitis C virus genotype 1a_EU781785,EU781785	
hepatitis C virus genotype 1a_EU781786,EU781786	
hepatitis C virus genotype 1a_EU781787,EU781787	
hepatitis C virus genotype 1a_EU781788,EU781788	
hepatitis C virus genotype 1a_EU781789,EU781789	
hepatitis C virus genotype 1a_EU781790,EU781790	
hepatitis C virus genotype 1a_EU781791,EU781791	
hepatitis C virus genotype 1a_EU781792,EU781792	
hepatitis C virus genotype 1a_EU781793,EU781793	
hepatitis C virus genotype 1a_EU781794,EU781794	
hepatitis C virus genotype 1a_EU781795,EU781795	
hepatitis C virus genotype 1a_EU781796,EU781796	
hepatitis C virus genotype 1a_EU781797,EU781797	
hepatitis C virus genotype 1a_EU781798,EU781798	
hepatitis C virus genotype 1a_EU781799,EU781799	
hepatitis C virus genotype 1a_EU781800,EU781800	
hepatitis C virus genotype 1a_EU781801,EU781801	
hepatitis C virus genotype 1a_EU781802,EU781802	
hepatitis C virus genotype 1a_EU781803,EU781803	
hepatitis C virus genotype 1a_EU781804,EU781804	
hepatitis C virus genotype 1a_EU781805,EU781805	
hepatitis C virus genotype 1a_EU781806,EU781806	
hepatitis C virus genotype 1a_EU781807,EU781807	
hepatitis C virus genotype 1a_EU781808,EU781808	
hepatitis C virus genotype 1a_EU781809,EU781809	
hepatitis C virus genotype 1a_EU781810,EU781810	
hepatitis C virus genotype 1a_EU781811,EU781811	
hepatitis C virus genotype 1a_EU781812,EU781812	
hepatitis C virus genotype 1a_EU781813,EU781813	
hepatitis C virus genotype 1a_EU781814,EU781814	
hepatitis C virus genotype 1a_EU781815,EU781815	
hepatitis C virus genotype 1a_EU781816,EU781816	
hepatitis C virus genotype 1a_EU781817,EU781817	
hepatitis C virus genotype 1a_EU781818,EU781818	
hepatitis C virus genotype 1a_EU781819,EU781819	
hepatitis C virus genotype 1a_EU781820,EU781820	
hepatitis C virus genotype 1a_EU781821,EU781821	
hepatitis C virus genotype 1a_EU781822,EU781822	
hepatitis C virus genotype 1a_EU781823,EU781823	
hepatitis C virus genotype 1a_EU781824,EU781824	
Hepatitis C virus subtype 1b_EU781825,EU781825	
Hepatitis C virus subtype 1b_EU781826,EU781826	
Hepatitis C virus subtype 1b_EU781827,EU781827	
Hepatitis C virus subtype 1b_EU781828,EU781828	
Hepatitis C virus subtype 1b_EU781829,EU781829	
Hepatitis C virus subtype 1b_EU781830,EU781830	
Hepatitis C virus subtype 1b_EU781831,EU781831	
Hepatitis C virus subtype 1b_EU781832,EU781832	
Hepacivirus hominis_FJ435090,FJ435090	
Hepatitis C virus subtype 1b_AB442219,AB442219	
Hepatitis C virus subtype 1b_AB442220,AB442220	
Hepatitis C virus subtype 1b_AB442221,AB442221	
Hepatitis C virus subtype 1b_AB442222,AB442222	
Hepatitis C virus subtype 1b_FJ478453,FJ478453	
hepatitis C virus genotype 1a_FJ390394,FJ390394	
hepatitis C virus genotype 1a_FJ390395,FJ390395	
Hepatitis C virus subtype 1b_FJ390396,FJ390396	
Hepatitis C virus subtype 1b_FJ390397,FJ390397	
Hepatitis C virus subtype 1b_FJ390398,FJ390398	
hepatitis C virus genotype 1a_FJ390399,FJ390399	
hepatitis C virus genotype 1a_FJ410172,FJ410172	
hepatitis C virus genotype 1a_EU862823,EU862823	
hepatitis C virus genotype 1a_FJ181999,FJ181999	
hepatitis C virus genotype 1a_FJ182000,FJ182000	
hepatitis C virus genotype 1a_FJ182001,FJ182001	
hepatitis C virus genotype 1a_FJ205867,FJ205867	
hepatitis C virus genotype 1a_FJ205868,FJ205868	
hepatitis C virus genotype 1a_FJ205869,FJ205869	
Hepatitis C virus subtype 1b_FJ024086,FJ024086	
hepatitis C virus genotype 1a_FJ024087,FJ024087	
hepatitis C virus genotype 1a_FJ024274,FJ024274	
hepatitis C virus genotype 1a_FJ024275,FJ024275	
hepatitis C virus genotype 1a_FJ024276,FJ024276	
Hepatitis C virus subtype 1b_FJ024277,FJ024277	
hepatitis C virus genotype 1a_FJ024278,FJ024278	
Hepatitis C virus subtype 1b_FJ024279,FJ024279	
hepatitis C virus genotype 1a_FJ024280,FJ024280	
hepatitis C virus genotype 1a_FJ024281,FJ024281	
hepatitis C virus genotype 1a_FJ024282,FJ024282	
Hepatitis C virus subtype 1b_EU857431,EU857431	
Hepatitis C virus subtype 1b_EU255961,EU255961	
Hepatitis C virus subtype 1b_EU255962,EU255962	
hepatitis C virus genotype 1a_EU255963,EU255963	
hepatitis C virus genotype 1a_EU255964,EU255964	
hepatitis C virus genotype 1a_EU255965,EU255965	
hepatitis C virus genotype 1a_EU255966,EU255966	
hepatitis C virus genotype 1a_EU255967,EU255967	
hepatitis C virus genotype 1a_EU255968,EU255968	
hepatitis C virus genotype 1a_EU255969,EU255969	
hepatitis C virus genotype 1a_EU255970,EU255970	
hepatitis C virus genotype 1a_EU255973,EU255973	
hepatitis C virus genotype 1a_EU255974,EU255974	
hepatitis C virus genotype 1a_EU255975,EU255975	
hepatitis C virus genotype 1a_EU255976,EU255976	
hepatitis C virus genotype 1a_EU255977,EU255977	
hepatitis C virus genotype 1a_EU255978,EU255978	
hepatitis C virus genotype 1a_EU255979,EU255979	
hepatitis C virus genotype 1a_EU255980,EU255980	
hepatitis C virus genotype 1a_EU255981,EU255981	
hepatitis C virus genotype 1a_EU255982,EU255982	
hepatitis C virus genotype 1a_EU255983,EU255983	
hepatitis C virus genotype 1a_EU255984,EU255984	
hepatitis C virus genotype 1a_EU255985,EU255985	
hepatitis C virus genotype 1a_EU255986,EU255986	
hepatitis C virus genotype 1a_EU255987,EU255987	
hepatitis C virus genotype 1a_EU255988,EU255988	
hepatitis C virus genotype 1a_EU255989,EU255989	
hepatitis C virus genotype 1a_EU255990,EU255990	
hepatitis C virus genotype 1a_EU255991,EU255991	
hepatitis C virus genotype 1a_EU255992,EU255992	
hepatitis C virus genotype 1a_EU255993,EU255993	
hepatitis C virus genotype 1a_EU255994,EU255994	
hepatitis C virus genotype 1a_EU255995,EU255995	
hepatitis C virus genotype 1a_EU255996,EU255996	
hepatitis C virus genotype 1a_EU255997,EU255997	
hepatitis C virus genotype 1a_EU255998,EU255998	
hepatitis C virus genotype 1a_EU255999,EU255999	
Hepatitis C virus subtype 1b_EU256000,EU256000	
Hepatitis C virus subtype 1b_EU256001,EU256001	
hepatitis C virus genotype 1a_EU256002,EU256002	
hepatitis C virus genotype 1a_EU256003,EU256003	
hepatitis C virus genotype 1a_EU256004,EU256004	
hepatitis C virus genotype 1a_EU256005,EU256005	
hepatitis C virus genotype 1a_EU256006,EU256006	
hepatitis C virus genotype 1a_EU256007,EU256007	
hepatitis C virus genotype 1a_EU256008,EU256008	
hepatitis C virus genotype 1a_EU256009,EU256009	
hepatitis C virus genotype 1a_EU256010,EU256010	
hepatitis C virus genotype 1a_EU256011,EU256011	
hepatitis C virus genotype 1a_EU256012,EU256012	
hepatitis C virus genotype 1a_EU256013,EU256013	
hepatitis C virus genotype 1a_EU256014,EU256014	
hepatitis C virus genotype 1a_EU256015,EU256015	
hepatitis C virus genotype 1a_EU256017,EU256017	
hepatitis C virus genotype 1a_EU256018,EU256018	
hepatitis C virus genotype 1a_EU256019,EU256019	
hepatitis C virus genotype 1a_EU256020,EU256020	
hepatitis C virus genotype 1a_EU256021,EU256021	
hepatitis C virus genotype 1a_EU256022,EU256022	
hepatitis C virus genotype 1a_EU256023,EU256023	
hepatitis C virus genotype 1a_EU256024,EU256024	
hepatitis C virus genotype 1a_EU256025,EU256025	
hepatitis C virus genotype 1a_EU256026,EU256026	
hepatitis C virus genotype 1a_EU256027,EU256027	
hepatitis C virus genotype 1a_EU256028,EU256028	
hepatitis C virus genotype 1a_EU256029,EU256029	
hepatitis C virus genotype 1a_EU256030,EU256030	
hepatitis C virus genotype 1a_EU256031,EU256031	
hepatitis C virus genotype 1a_EU256032,EU256032	
hepatitis C virus genotype 1a_EU256033,EU256033	
hepatitis C virus genotype 1a_EU256034,EU256034	
hepatitis C virus genotype 1a_EU256035,EU256035	
hepatitis C virus genotype 1a_EU256036,EU256036	
hepatitis C virus genotype 1a_EU256037,EU256037	
hepatitis C virus genotype 1a_EU256038,EU256038	
hepatitis C virus genotype 1a_EU256039,EU256039	
hepatitis C virus genotype 1a_EU256040,EU256040	
hepatitis C virus genotype 1a_EU256041,EU256041	
hepatitis C virus genotype 1a_EU256043,EU256043	
hepatitis C virus genotype 1a_EU256044,EU256044	
Hepatitis C virus subtype 1b_EU256045,EU256045	
hepatitis C virus genotype 1a_EU256046,EU256046	
hepatitis C virus genotype 1a_EU256047,EU256047	
hepatitis C virus genotype 1a_EU256048,EU256048	
hepatitis C virus genotype 1a_EU256049,EU256049	
hepatitis C virus genotype 1a_EU256050,EU256050	
hepatitis C virus genotype 1a_EU256051,EU256051	
hepatitis C virus genotype 1a_EU256052,EU256052	
hepatitis C virus genotype 1a_EU256053,EU256053	
Hepatitis C virus subtype 1b_EU256054,EU256054	
hepatitis C virus genotype 1a_EU256055,EU256055	
hepatitis C virus genotype 1a_EU256056,EU256056	
hepatitis C virus genotype 1a_EU256057,EU256057	
hepatitis C virus genotype 1a_EU256058,EU256058	
hepatitis C virus genotype 1a_EU256069,EU256069	
hepatitis C virus genotype 1a_EU256070,EU256070	
hepatitis C virus genotype 1a_EU256071,EU256071	
hepatitis C virus genotype 1a_EU256072,EU256072	
hepatitis C virus genotype 1a_EU256074,EU256074	
Hepatitis C virus subtype 1b_EU256075,EU256075	
Hepatitis C virus subtype 1b_EU256076,EU256076	
Hepatitis C virus subtype 1b_EU256077,EU256077	
Hepatitis C virus subtype 1b_EU256078,EU256078	
Hepatitis C virus subtype 1b_EU256079,EU256079	
Hepatitis C virus subtype 1b_EU256080,EU256080	
Hepatitis C virus subtype 1b_EU256081,EU256081	
Hepatitis C virus subtype 1b_EU256082,EU256082	
Hepatitis C virus subtype 1b_EU256083,EU256083	
Hepatitis C virus subtype 1b_EU256084,EU256084	
Hepatitis C virus subtype 1b_EU256085,EU256085	
Hepatitis C virus subtype 1g_AM910652,AM910652	
hepatitis C virus genotype 1a_EU255927,EU255927	
hepatitis C virus genotype 1a_EU255928,EU255928	
hepatitis C virus genotype 1a_EU255929,EU255929	
hepatitis C virus genotype 1a_EU255930,EU255930	
hepatitis C virus genotype 1a_EU255931,EU255931	
hepatitis C virus genotype 1a_EU255932,EU255932	
hepatitis C virus genotype 1a_EU255933,EU255933	
hepatitis C virus genotype 1a_EU255934,EU255934	
hepatitis C virus genotype 1a_EU255935,EU255935	
hepatitis C virus genotype 1a_EU255936,EU255936	
hepatitis C virus genotype 1a_EU255937,EU255937	
hepatitis C virus genotype 1a_EU255938,EU255938	
hepatitis C virus genotype 1a_EU255939,EU255939	
hepatitis C virus genotype 1a_EU255940,EU255940	
hepatitis C virus genotype 1a_EU255941,EU255941	
hepatitis C virus genotype 1a_EU255942,EU255942	
hepatitis C virus genotype 1a_EU255943,EU255943	
hepatitis C virus genotype 1a_EU255944,EU255944	
hepatitis C virus genotype 1a_EU255945,EU255945	
hepatitis C virus genotype 1a_EU255946,EU255946	
hepatitis C virus genotype 1a_EU255947,EU255947	
hepatitis C virus genotype 1a_EU255948,EU255948	
hepatitis C virus genotype 1a_EU255949,EU255949	
hepatitis C virus genotype 1a_EU255950,EU255950	
hepatitis C virus genotype 1a_EU255951,EU255951	
hepatitis C virus genotype 1a_EU255952,EU255952	
hepatitis C virus genotype 1a_EU255953,EU255953	
hepatitis C virus genotype 1a_EU255954,EU255954	
hepatitis C virus genotype 1a_EU255955,EU255955	
hepatitis C virus genotype 1a_EU255956,EU255956	
hepatitis C virus genotype 1a_EU255957,EU255957	
hepatitis C virus genotype 1a_EU255958,EU255958	
hepatitis C virus genotype 1a_EU255959,EU255959	
Hepatitis C virus subtype 1b_EU255960,EU255960	
Hepatitis C virus subtype 1b_EU256059,EU256059	
hepatitis C virus genotype 1a_EU256060,EU256060	
Hepatitis C virus subtype 1b_EU256061,EU256061	
Hepatitis C virus subtype 1b_EU256062,EU256062	
Hepatitis C virus subtype 1b_EU256064,EU256064	
Hepatitis C virus subtype 1b_EU256065,EU256065	
Hepatitis C virus subtype 1b_EU256066,EU256066	
hepatitis C virus genotype 1a_EU256067,EU256067	
hepatitis C virus genotype 1a_EU256068,EU256068	
hepatitis C virus genotype 1a_EU256086,EU256086	
hepatitis C virus genotype 1a_EU256087,EU256087	
Hepatitis C virus subtype 1b_EU256088,EU256088	
Hepatitis C virus subtype 1b_EU256089,EU256089	
Hepatitis C virus subtype 1b_EU256090,EU256090	
Hepatitis C virus subtype 1b_EU256091,EU256091	
Hepatitis C virus subtype 1b_EU256092,EU256092	
hepatitis C virus genotype 1a_EU256094,EU256094	
hepatitis C virus genotype 1a_EU256095,EU256095	
hepatitis C virus genotype 1a_EU256096,EU256096	
hepatitis C virus genotype 1a_EU256097,EU256097	
Hepatitis C virus subtype 1b_EU256098,EU256098	
Hepatitis C virus subtype 1b_EU256099,EU256099	
Hepatitis C virus subtype 1b_EU256100,EU256100	
Hepatitis C virus subtype 1b_EU256101,EU256101	
Hepatitis C virus subtype 1b_EU256102,EU256102	
Hepatitis C virus subtype 1b_EU256103,EU256103	
hepatitis C virus genotype 1a_EU256104,EU256104	
hepatitis C virus genotype 1a_EU256105,EU256105	
hepatitis C virus genotype 1a_EU256106,EU256106	
hepatitis C virus genotype 1a_EU256107,EU256107	
hepatitis C virus genotype 1a_EU660383,EU660383	
hepatitis C virus genotype 1a_EU660384,EU660384	
hepatitis C virus genotype 1a_EU660385,EU660385	
Hepatitis C virus subtype 1b_EU660386,EU660386	
hepatitis C virus genotype 1a_EU660387,EU660387	
Hepatitis C virus subtype 1b_EU660388,EU660388	
hepatitis C virus genotype 1a_EU687193,EU687193	
hepatitis C virus genotype 1a_EU687194,EU687194	
hepatitis C virus genotype 1a_EU687195,EU687195	
Hepacivirus hominis_AB435162,AB435162	
hepatitis C virus genotype 1a_EU595697,EU595697	
hepatitis C virus genotype 1a_EU595698,EU595698	
hepatitis C virus genotype 1a_EU595699,EU595699	
hepatitis C virus genotype 1a_EU569722,EU569722	
hepatitis C virus genotype 1a_EU569723,EU569723	
hepatitis C virus genotype 1a_EU529676,EU529676	
hepatitis C virus genotype 1a_EU529677,EU529677	
hepatitis C virus genotype 1a_EU529678,EU529678	
hepatitis C virus genotype 1a_EU529679,EU529679	
hepatitis C virus genotype 1a_EU529680,EU529680	
hepatitis C virus genotype 1a_EU529681,EU529681	
Hepatitis C virus subtype 1b_EU529682,EU529682	
hepatitis C virus genotype 1a_EU482831,EU482831	
hepatitis C virus genotype 1a_EU482832,EU482832	
Hepatitis C virus subtype 1b_EU482833,EU482833	
hepatitis C virus genotype 1a_EU482834,EU482834	
hepatitis C virus genotype 1a_EU482835,EU482835	
hepatitis C virus genotype 1a_EU482836,EU482836	
hepatitis C virus genotype 1a_EU482837,EU482837	
hepatitis C virus genotype 1a_EU482838,EU482838	
Hepatitis C virus subtype 1b_EU482839,EU482839	
hepatitis C virus genotype 1a_EU482840,EU482840	
hepatitis C virus genotype 1a_EU482841,EU482841	
hepatitis C virus genotype 1a_EU482842,EU482842	
hepatitis C virus genotype 1a_EU482843,EU482843	
hepatitis C virus genotype 1a_EU482844,EU482844	
hepatitis C virus genotype 1a_EU482845,EU482845	
hepatitis C virus genotype 1a_EU482846,EU482846	
hepatitis C virus genotype 1a_EU482847,EU482847	
hepatitis C virus genotype 1a_EU482848,EU482848	
Hepatitis C virus subtype 1b_EU482849,EU482849	
hepatitis C virus genotype 1a_EU482850,EU482850	
hepatitis C virus genotype 1a_EU482852,EU482852	
hepatitis C virus genotype 1a_EU482853,EU482853	
hepatitis C virus genotype 1a_EU482854,EU482854	
hepatitis C virus genotype 1a_EU482855,EU482855	
hepatitis C virus genotype 1a_EU482856,EU482856	
hepatitis C virus genotype 1a_EU482857,EU482857	
hepatitis C virus genotype 1a_EU482858,EU482858	
Hepatitis C virus subtype 1b_EU482859,EU482859	
Hepatitis C virus subtype 1b_EU482860,EU482860	
hepatitis C virus genotype 1a_EU482861,EU482861	
hepatitis C virus genotype 1a_EU482862,EU482862	
hepatitis C virus genotype 1a_EU482863,EU482863	
hepatitis C virus genotype 1a_EU482864,EU482864	
hepatitis C virus genotype 1a_EU482865,EU482865	
hepatitis C virus genotype 1a_EU482866,EU482866	
hepatitis C virus genotype 1a_EU482867,EU482867	
hepatitis C virus genotype 1a_EU482868,EU482868	
hepatitis C virus genotype 1a_EU482869,EU482869	
hepatitis C virus genotype 1a_EU482870,EU482870	
hepatitis C virus genotype 1a_EU482871,EU482871	
hepatitis C virus genotype 1a_EU482872,EU482872	
hepatitis C virus genotype 1a_EU482873,EU482873	
Hepatitis C virus subtype 1b_EU482874,EU482874	
Hepatitis C virus subtype 1b_EU482875,EU482875	
hepatitis C virus genotype 1a_EU482876,EU482876	
Hepatitis C virus subtype 1b_EU482877,EU482877	
hepatitis C virus genotype 1a_EU482878,EU482878	
Hepatitis C virus subtype 1b_EU482879,EU482879	
Hepatitis C virus subtype 1b_EU482880,EU482880	
Hepatitis C virus subtype 1b_EU482881,EU482881	
hepatitis C virus genotype 1a_EU482882,EU482882	
Hepatitis C virus subtype 1b_EU482883,EU482883	
hepatitis C virus genotype 1a_EU482884,EU482884	
Hepatitis C virus subtype 1b_EU482885,EU482885	
Hepatitis C virus subtype 1b_EU482886,EU482886	
hepatitis C virus genotype 1a_EU482887,EU482887	
Hepatitis C virus subtype 1b_EU482888,EU482888	
hepatitis C virus genotype 1a_EU482889,EU482889	
Hepatitis C virus subtype 1b_AB426117,AB426117	
Hepacivirus hominis_EF632069,EF632069	
Hepacivirus hominis_EF632070,EF632070	
Hepacivirus hominis_EF632071,EF632071	
hepatitis C virus genotype 1a_EU239713,EU239713	
Hepatitis C virus subtype 1b_EU239714,EU239714	
hepatitis C virus genotype 1a_EU239715,EU239715	
hepatitis C virus genotype 1a_EU239716,EU239716	
hepatitis C virus genotype 1a_EU260395,EU260395	
hepatitis C virus genotype 1a_EU260396,EU260396	
Hepatitis C virus QC69_EF108306,EF108306	
hepatitis C virus genotype 1a_EU250017,EU250017	
Hepatitis C virus subtype 1b_EU234061,EU234061	
Hepatitis C virus subtype 1b_EU234062,EU234062	
hepatitis C virus genotype 1a_EU234063,EU234063	
hepatitis C virus genotype 1a_EU234064,EU234064	
hepatitis C virus genotype 1a_EU234065,EU234065	
hepatitis C virus genotype 1a_EU155213,EU155213	
hepatitis C virus genotype 1a_EU155214,EU155214	
hepatitis C virus genotype 1a_EU155215,EU155215	
hepatitis C virus genotype 1a_EU155216,EU155216	
Hepatitis C virus subtype 1b_EU155217,EU155217	
Hepatitis C virus subtype 1b_EU155218,EU155218	
Hepatitis C virus subtype 1b_EU155219,EU155219	
Hepatitis C virus subtype 1b_EU155220,EU155220	
Hepatitis C virus subtype 1b_EU155221,EU155221	
Hepatitis C virus subtype 1b_EU155222,EU155222	
Hepatitis C virus subtype 1b_EU155223,EU155223	
Hepatitis C virus subtype 1b_EU155224,EU155224	
Hepatitis C virus subtype 1b_EU155225,EU155225	
Hepatitis C virus subtype 1b_EU155226,EU155226	
Hepatitis C virus subtype 1b_EU155227,EU155227	
Hepatitis C virus subtype 1b_EU155228,EU155228	
Hepatitis C virus subtype 1b_EU155229,EU155229	
Hepatitis C virus subtype 1b_EU155230,EU155230	
Hepatitis C virus subtype 1b_EU155231,EU155231	
Hepatitis C virus subtype 1b_EU155232,EU155232	
hepatitis C virus genotype 1a_EU155233,EU155233	
Hepatitis C virus subtype 1b_EU155234,EU155234	
Hepatitis C virus subtype 1b_EU155235,EU155235	
hepatitis C virus genotype 1a_EU155236,EU155236	
hepatitis C virus genotype 1a_EU155237,EU155237	
hepatitis C virus genotype 1a_EU155238,EU155238	
hepatitis C virus genotype 1a_EU155239,EU155239	
hepatitis C virus genotype 1a_EU155240,EU155240	
hepatitis C virus genotype 1a_EU155241,EU155241	
hepatitis C virus genotype 1a_EU155242,EU155242	
hepatitis C virus genotype 1a_EU155243,EU155243	
hepatitis C virus genotype 1a_EU155244,EU155244	
hepatitis C virus genotype 1a_EU155245,EU155245	
hepatitis C virus genotype 1a_EU155246,EU155246	
hepatitis C virus genotype 1a_EU155247,EU155247	
hepatitis C virus genotype 1a_EU155248,EU155248	
hepatitis C virus genotype 1a_EU155249,EU155249	
hepatitis C virus genotype 1a_EU155250,EU155250	
hepatitis C virus genotype 1a_EU155251,EU155251	
hepatitis C virus genotype 1a_EU155252,EU155252	
Hepatitis C virus subtype 1b_EU155253,EU155253	
Hepatitis C virus subtype 1b_EU155254,EU155254	
Hepatitis C virus subtype 1b_EU155255,EU155255	
Hepatitis C virus subtype 1b_EU155256,EU155256	
Hepatitis C virus subtype 1b_EU155257,EU155257	
Hepatitis C virus subtype 1b_EU155258,EU155258	
Hepatitis C virus subtype 1b_EU155259,EU155259	
Hepatitis C virus subtype 1b_EU155260,EU155260	
Hepatitis C virus subtype 1b_EU155261,EU155261	
Hepatitis C virus subtype 1b_EU155262,EU155262	
Hepatitis C virus subtype 1b_EU155263,EU155263	
Hepatitis C virus subtype 1b_EU155264,EU155264	
hepatitis C virus genotype 1a_EU155265,EU155265	
hepatitis C virus genotype 1a_EU155266,EU155266	
hepatitis C virus genotype 1a_EU155267,EU155267	
hepatitis C virus genotype 1a_EU155268,EU155268	
hepatitis C virus genotype 1a_EU155269,EU155269	
hepatitis C virus genotype 1a_EU155270,EU155270	
hepatitis C virus genotype 1a_EU155271,EU155271	
hepatitis C virus genotype 1a_EU155272,EU155272	
hepatitis C virus genotype 1a_EU155273,EU155273	
hepatitis C virus genotype 1a_EU155274,EU155274	
hepatitis C virus genotype 1a_EU155275,EU155275	
hepatitis C virus genotype 1a_EU155276,EU155276	
hepatitis C virus genotype 1a_EU155277,EU155277	
hepatitis C virus genotype 1a_EU155278,EU155278	
Hepatitis C virus subtype 1b_EU155279,EU155279	
Hepatitis C virus subtype 1b_EU155280,EU155280	
Hepatitis C virus subtype 1b_EU155281,EU155281	
hepatitis C virus genotype 1a_EU155282,EU155282	
hepatitis C virus genotype 1a_EU155283,EU155283	
hepatitis C virus genotype 1a_EU155284,EU155284	
hepatitis C virus genotype 1a_EU155285,EU155285	
hepatitis C virus genotype 1a_EU155286,EU155286	
hepatitis C virus genotype 1a_EU155287,EU155287	
hepatitis C virus genotype 1a_EU155288,EU155288	
hepatitis C virus genotype 1a_EU155289,EU155289	
hepatitis C virus genotype 1a_EU155290,EU155290	
hepatitis C virus genotype 1a_EU155291,EU155291	
hepatitis C virus genotype 1a_EU155292,EU155292	
hepatitis C virus genotype 1a_EU155293,EU155293	
hepatitis C virus genotype 1a_EU155294,EU155294	
hepatitis C virus genotype 1a_EU155295,EU155295	
hepatitis C virus genotype 1a_EU155296,EU155296	
hepatitis C virus genotype 1a_EU155297,EU155297	
hepatitis C virus genotype 1a_EU155298,EU155298	
hepatitis C virus genotype 1a_EU155299,EU155299	
Hepatitis C virus subtype 1b_EU155300,EU155300	
Hepatitis C virus subtype 1b_EU155301,EU155301	
Hepatitis C virus subtype 1b_EU155302,EU155302	
Hepatitis C virus subtype 1b_EU155303,EU155303	
Hepatitis C virus subtype 1b_EU155304,EU155304	
Hepatitis C virus subtype 1b_EU155305,EU155305	
Hepatitis C virus subtype 1b_EU155306,EU155306	
Hepatitis C virus subtype 1b_EU155307,EU155307	
Hepatitis C virus subtype 1b_EU155308,EU155308	
hepatitis C virus genotype 1a_EU155309,EU155309	
hepatitis C virus genotype 1a_EU155310,EU155310	
hepatitis C virus genotype 1a_EU155311,EU155311	
hepatitis C virus genotype 1a_EU155312,EU155312	
hepatitis C virus genotype 1a_EU155313,EU155313	
hepatitis C virus genotype 1a_EU155314,EU155314	
Hepatitis C virus subtype 1b_EU155315,EU155315	
Hepatitis C virus subtype 1b_EU155316,EU155316	
Hepatitis C virus subtype 1b_EU155317,EU155317	
Hepatitis C virus subtype 1b_EU155318,EU155318	
hepatitis C virus genotype 1a_EU155319,EU155319	
hepatitis C virus genotype 1a_EU155320,EU155320	
hepatitis C virus genotype 1a_EU155321,EU155321	
hepatitis C virus genotype 1a_EU155322,EU155322	
hepatitis C virus genotype 1a_EU155323,EU155323	
Hepatitis C virus subtype 1b_EU155324,EU155324	
Hepatitis C virus subtype 1b_EU155325,EU155325	
Hepatitis C virus subtype 1b_EU155326,EU155326	
Hepatitis C virus subtype 1b_EU155327,EU155327	
Hepatitis C virus subtype 1b_EU155328,EU155328	
Hepatitis C virus subtype 1b_EU155329,EU155329	
Hepatitis C virus subtype 1b_EU155330,EU155330	
Hepatitis C virus subtype 1b_EU155331,EU155331	
Hepatitis C virus subtype 1b_EU155332,EU155332	
Hepatitis C virus subtype 1b_EU155333,EU155333	
Hepatitis C virus subtype 1b_EU155334,EU155334	
Hepatitis C virus subtype 1b_EU155335,EU155335	
Hepatitis C virus subtype 1b_EU155336,EU155336	
Hepatitis C virus subtype 1b_EU155337,EU155337	
hepatitis C virus genotype 1a_EU155338,EU155338	
hepatitis C virus genotype 1a_EU155339,EU155339	
hepatitis C virus genotype 1a_EU155340,EU155340	
hepatitis C virus genotype 1a_EU155341,EU155341	
hepatitis C virus genotype 1a_EU155342,EU155342	
hepatitis C virus genotype 1a_EU155343,EU155343	
hepatitis C virus genotype 1a_EU155344,EU155344	
hepatitis C virus genotype 1a_EU155345,EU155345	
hepatitis C virus genotype 1a_EU155346,EU155346	
hepatitis C virus genotype 1a_EU155347,EU155347	
hepatitis C virus genotype 1a_EU155348,EU155348	
hepatitis C virus genotype 1a_EU155349,EU155349	
hepatitis C virus genotype 1a_EU155350,EU155350	
hepatitis C virus genotype 1a_EU155351,EU155351	
hepatitis C virus genotype 1a_EU155352,EU155352	
hepatitis C virus genotype 1a_EU155353,EU155353	
hepatitis C virus genotype 1a_EU155354,EU155354	
hepatitis C virus genotype 1a_EU155355,EU155355	
Hepatitis C virus subtype 1b_EU155356,EU155356	
Hepatitis C virus subtype 1b_EU155357,EU155357	
Hepatitis C virus subtype 1b_EU155358,EU155358	
Hepatitis C virus subtype 1b_EU155359,EU155359	
Hepatitis C virus subtype 1b_EU155360,EU155360	
Hepatitis C virus subtype 1b_EU155361,EU155361	
Hepatitis C virus subtype 1b_EU155362,EU155362	
Hepatitis C virus subtype 1b_EU155363,EU155363	
Hepatitis C virus subtype 1b_EU155364,EU155364	
Hepatitis C virus subtype 1b_EU155365,EU155365	
Hepatitis C virus subtype 1b_EU155366,EU155366	
Hepatitis C virus subtype 1b_EU155367,EU155367	
Hepatitis C virus subtype 1b_EU155368,EU155368	
Hepatitis C virus subtype 1b_EU155369,EU155369	
Hepatitis C virus subtype 1b_EU155370,EU155370	
Hepatitis C virus subtype 1b_EU155371,EU155371	
Hepatitis C virus subtype 1b_EU155372,EU155372	
Hepatitis C virus subtype 1b_EU155373,EU155373	
Hepatitis C virus subtype 1b_EU155374,EU155374	
Hepatitis C virus subtype 1b_EU155375,EU155375	
Hepatitis C virus subtype 1b_EU155376,EU155376	
Hepatitis C virus subtype 1b_EU155377,EU155377	
hepatitis C virus genotype 1a_EU155378,EU155378	
hepatitis C virus genotype 1a_EU155379,EU155379	
hepatitis C virus genotype 1a_EU155380,EU155380	
Hepatitis C virus subtype 1b_EU155381,EU155381	
Hepatitis C virus subtype 1b_EU155382,EU155382	
hepatitis C virus genotype 1a_EF621489,EF621489	
Hepatitis C virus subtype 1b_EF638081,EF638081	
Hepatitis C virus subtype 6q_EF424625,EF424625	
Hepatitis C virus subtype 6p_EF424626,EF424626	
Hepatitis C virus subtype 6o_EF424627,EF424627	
Hepatitis C virus subtype 6l_EF424628,EF424628	
Hepatitis C virus subtype 6c_EF424629,EF424629	
Hepatitis C virus subtype 6f_DQ835760,DQ835760	
Hepatitis C virus subtype 6j_DQ835761,DQ835761	
Hepatitis C virus subtype 6i_DQ835762,DQ835762	
Hepatitis C virus subtype 6m_DQ835763,DQ835763	
Hepatitis C virus subtype 6f_DQ835764,DQ835764	
Hepatitis C virus subtype 6m_DQ835765,DQ835765	
Hepatitis C virus subtype 6m_DQ835766,DQ835766	
Hepatitis C virus subtype 6m_DQ835767,DQ835767	
Hepatitis C virus subtype 6n_DQ835768,DQ835768	
Hepatitis C virus subtype 6j_DQ835769,DQ835769	
Hepatitis C virus subtype 6i_DQ835770,DQ835770	
Hepatitis C virus subtype 1b_AB249644,AB249644	
Hepatitis C virus subtype 6k_AY878651,AY878651	
Hepatitis C virus subtype 6n_AY878652,AY878652	
Hepatitis C virus subtype 6e_DQ314805,DQ314805	
Hepatitis C virus subtype 6g_DQ314806,DQ314806	
Hepatitis C virus subtype 6a_DQ480512,DQ480512	
Hepatitis C virus subtype 6a_DQ480513,DQ480513	
Hepatitis C virus subtype 6a_DQ480514,DQ480514	
Hepatitis C virus subtype 6a_DQ480515,DQ480515	
Hepatitis C virus subtype 6a_DQ480516,DQ480516	
Hepatitis C virus subtype 6a_DQ480517,DQ480517	
Hepatitis C virus subtype 6a_DQ480518,DQ480518	
Hepatitis C virus subtype 6a_DQ480519,DQ480519	
Hepatitis C virus subtype 6a_DQ480520,DQ480520	
Hepatitis C virus subtype 6a_DQ480521,DQ480521	
Hepatitis C virus subtype 6a_DQ480522,DQ480522	
Hepatitis C virus subtype 6a_DQ480523,DQ480523	
Hepatitis C virus subtype 6a_DQ480524,DQ480524	
Hepacivirus hominis_DQ278892,DQ278892	
Hepatitis C virus subtype 6k_DQ278891,DQ278891	
Hepatitis C virus subtype 6k_DQ278893,DQ278893	
Hepatitis C virus subtype 6n_DQ278894,DQ278894	
Hepatitis C virus subtype 6k_AY878650,AY878650	
Hepacivirus hominis_AB191333,AB191333	
Hepatitis C virus (isolate 6a33)_AY859526,AY859526	
Hepacivirus hominis_AY651061,AY651061	
Hepatitis C virus subtype 1b_AY460204,AY460204	
Hepacivirus hominis_AB080299,AB080299	
Hepatitis C virus subtype 1b_AF483269,AF483269	
Hepatitis C virus subtype 1b_AY045702,AY045702	
Hepatitis C virus subtype 1b_AF356827,AF356827	
Hepatitis C virus JFH-1_AB047639,AB047639	
Hepacivirus hominis_AB049088,AB049088	
hepatitis C virus genotype 1a_AF290978,AF290978	
Hepatitis C virus (isolate JPUT971017)_AB030907,AB030907	
hepatitis C virus genotype 1a_AF271632,AF271632	
Hepatitis C virus subtype 1b_AF207752,AF207752	
Hepatitis C virus subtype 1b_AF207753,AF207753	
Hepatitis C virus subtype 1b_AF207754,AF207754	
Hepatitis C virus subtype 1b_AF207755,AF207755	
Hepatitis C virus subtype 1b_AF207756,AF207756	
Hepatitis C virus subtype 1b_AF207757,AF207757	
Hepatitis C virus subtype 1b_AF207758,AF207758	
Hepatitis C virus subtype 1b_AF207759,AF207759	
Hepatitis C virus subtype 1b_AF207760,AF207760	
Hepatitis C virus subtype 1b_AF207761,AF207761	
Hepatitis C virus subtype 1b_AF207762,AF207762	
Hepatitis C virus subtype 1b_AF207763,AF207763	
Hepatitis C virus subtype 1b_AF207764,AF207764	
Hepatitis C virus subtype 1b_AF207765,AF207765	
Hepatitis C virus subtype 1b_AF207766,AF207766	
Hepatitis C virus subtype 1b_AF207767,AF207767	
Hepatitis C virus subtype 1b_AF207768,AF207768	
Hepatitis C virus subtype 1b_AF207769,AF207769	
Hepatitis C virus subtype 1b_AF207770,AF207770	
Hepatitis C virus subtype 1b_AF207771,AF207771	
Hepatitis C virus subtype 1b_AF207772,AF207772	
Hepatitis C virus subtype 1b_AF207773,AF207773	
Hepatitis C virus subtype 1b_AF207774,AF207774	
Hepatitis C virus subtype 1b_AF208024,AF208024	
Hepatitis C virus subtype 2a_AF238481,AF238481	
Hepatitis C virus subtype 2a_AF238482,AF238482	
Hepatitis C virus subtype 2a_AF238483,AF238483	
Hepatitis C virus subtype 2a_AF238484,AF238484	
Hepatitis C virus subtype 2a_AF238485,AF238485	
Hepatitis C virus subtype 2b_AF238486,AF238486	
Hepatitis C virus subtype 2a_AF169002,AF169002	
Hepatitis C virus subtype 2a_AF169003,AF169003	
Hepatitis C virus subtype 2a_AF169004,AF169004	
Hepatitis C virus subtype 2a_AF169005,AF169005	
Hepatitis C virus subtype 2a_AF177036,AF177036	
Hepatitis C virus subtype 1b_AF165045,AF165045	
Hepatitis C virus subtype 1b_AF165046,AF165046	
Hepatitis C virus subtype 1b_AF165047,AF165047	
Hepatitis C virus subtype 1b_AF165048,AF165048	
Hepatitis C virus subtype 1b_AF165049,AF165049	
Hepatitis C virus subtype 1b_AF165050,AF165050	
Hepatitis C virus subtype 1b_AF165051,AF165051	
Hepatitis C virus subtype 1b_AF165052,AF165052	
Hepatitis C virus subtype 1b_AF165053,AF165053	
Hepatitis C virus subtype 1b_AF165054,AF165054	
Hepatitis C virus subtype 1b_AF165055,AF165055	
Hepatitis C virus subtype 1b_AF165056,AF165056	
Hepatitis C virus subtype 1b_AF165057,AF165057	
Hepatitis C virus subtype 1b_AF165058,AF165058	
Hepatitis C virus subtype 1b_AF165059,AF165059	
Hepatitis C virus subtype 1b_AF165060,AF165060	
Hepatitis C virus subtype 1b_AF165061,AF165061	
Hepatitis C virus subtype 1b_AF165062,AF165062	
Hepatitis C virus subtype 1b_AF165063,AF165063	
Hepatitis C virus subtype 1b_AF165064,AF165064	
Hepatitis C virus subtype 1b_AF176573,AF176573	
Hepatitis C virus subtype 1b_AJ238800,AJ238800	
Hepatitis C virus subtype 1b_AF139594,AF139594	
Hepatitis C virus subtype 1b_AJ238799,AJ238799	
Hepacivirus hominis_AJ132996,AJ132996	
Hepacivirus hominis_AJ132997,AJ132997	
Hepatitis C virus (isolate Th580)_D84262,D84262	
Hepatitis C virus (isolate VN235)_D84263,D84263	
Hepatitis C virus (isolate VN405)_D84264,D84264	
Hepatitis C virus (isolate VN004)_D84265,D84265	
Hepatitis C virus subtype 1b_AF054247,AF054247	
Hepatitis C virus subtype 1b_AF054248,AF054248	
Hepatitis C virus subtype 1b_AF054249,AF054249	
Hepatitis C virus subtype 1b_AF054250,AF054250	
Hepacivirus hominis_AJ000009,AJ000009	
Hepatitis C virus subtype 1b_U89019,U89019	
Hepatitis C virus (isolate BEBE1)_D50409,D50409	
Hepatitis C virus (isolate JK049)_D63821,D63821	
Hepatitis C virus (isolate JK046)_D63822,D63822	
Hepatitis C virus subtype 1b_U45476,U45476	
Hepacivirus hominis_D14484,D14484	
Hepatitis C virus subtype 1b_U16362,U16362	
Hepacivirus hominis_D30613,D30613	
Hepatitis C virus (isolate HCV-K3a/650)_D28917,D28917	
Hepacivirus hominis_D10934,D10934	
Hepatitis C virus subtype 1b_U01214,U01214	
Hepatitis C virus subtype 1b_S62220,S62220	
Hepatitis C virus subtype 1b_L02836,L02836	
hepatitis C virus genotype 1a_M62321,M62321	
hepatitis C virus genotype 1a_M67463,M67463	
Hepatitis C virus subtype 1b_M84754,M84754	
Hepatitis C virus subtype 1b_M96362,M96362	
Hepacivirus hominis_D10749,D10749	
Equine Hepacivirus,NC_024889
